race,unarmed,armedUnknown
Black,0.258403361344538,0.741596638655462
White,0.16994750656168,0.83005249343832
