race,rate1mil
Black,8.73621361789539
Hispanic,3.80628668921194
Native American,6.72182403416991
White,2.94685279469071
